ID,Title,Author,Availability
1,drowning,kodak black,Available
1,drowning,kodak black,Available
2,breaking dishes,rihanna,Available
1,drowning,kodak black,Available
2,breaking dishes,rihanna,Available
3,goosebumps,travis scott,Available
1,drowning,kodak black,Available
2,breaking dishes,rihanna,Available
3,goosebumps,travis scott,Available
4,confident,justin beiber,Available
1,drowning,kodak black,Available
2,breaking dishes,rihanna,Available
3,goosebumps,travis scott,Available
4,confident,justin beiber,Not Available
1,drowning,kodak black,Not Available
1,drowning,kodak black,Available
2,breaking dishes,rihanna,Available
1,drowning,kodak black,Available
2,breaking dishes,rihanna,Available
3,goosebumps,travis scott,Available
1,drowning,kodak black,Available
2,breaking dishes,rihanna,Available
3,goosebumps,travis scott,Available
4,confident,justin beiber,Available
1,drowning,kodak black,Available
2,breaking dishes,rihanna,Available
3,goosebumps,travis scott,Available
4,confident,justin beiber,Not Available
